food_key,fdc_id,source_category,alanine,arginine,aspartic_acid,cystine,glutamic_acid,glycine,histidine,isoleucine,leucine,lysine,methionine,phenylalanine,proline,serine,threonine,tryptophan,tyrosine,valine,price_jpy_per_100g,yen_per_g_protein,adjusted_yen_per_g,diaas_score,protein_g,total_bcaa_g,bcaa_per_100yen,leucine_per_100yen,lysine_per_100yen,bcaa_rank,leucine_rank,saa_g,saa_per_100yen,fao_saa_requirement,saa_vs_fao,saa_limiting,g_food_for_threshold,cost_to_hit_threshold,protein_at_threshold,leu_ile_ratio,val_ile_ratio,leu_ratio_vs_ideal,val_ratio_vs_ideal,bcaa_ratio_score,trp_per_100yen,fao_trp_requirement,trp_vs_fao,trp_limiting
chicken_breast,171474,poultry,1.187,1.289,1.859,0.274,3.076,1.228,0.625,1.063,1.534,1.725,0.563,0.816,0.954,0.729,0.869,0.237,0.684,1.02,86.2,4.13,3.82,108,20.85,3.62,4.2,1.78,2.0,4,4,0.84,0.97,0.54,1.56,False,163,140.5,34.0,1.44,0.96,0.72,0.96,0.75,0.275,0.125,1.9,False
chicken_thigh,172385,poultry,1.015,1.157,1.554,0.183,2.571,1.005,0.465,0.731,1.318,1.448,0.438,0.632,0.773,0.675,0.735,0.167,0.579,0.764,123.1,7.45,6.9,108,16.52,2.81,2.28,1.07,1.18,13,11,0.62,0.5,0.43,1.44,False,190,233.9,31.4,1.8,1.05,0.9,1.05,0.91,0.136,0.099,1.69,False
chicken_sasami,171474,poultry,1.187,1.289,1.859,0.274,3.076,1.228,0.625,1.063,1.534,1.725,0.563,0.816,0.954,0.729,0.869,0.237,0.684,1.02,86.2,4.13,3.82,108,20.85,3.62,4.2,1.78,2.0,4,4,0.84,0.97,0.54,1.56,False,163,140.5,34.0,1.44,0.96,0.72,0.96,0.75,0.275,0.125,1.9,False
chicken_wing_tip,172390,poultry,1.023,1.185,1.648,0.183,2.595,0.775,0.653,0.859,1.449,1.685,0.456,0.707,0.557,0.668,0.786,0.221,0.631,0.907,138.0,7.88,7.3,108,17.52,3.22,2.33,1.05,1.22,11,12,0.64,0.46,0.46,1.39,False,173,238.7,30.3,1.69,1.06,0.84,1.06,0.86,0.16,0.105,2.1,False
chicken_wing_moto,172390,poultry,1.023,1.185,1.648,0.183,2.595,0.775,0.653,0.859,1.449,1.685,0.456,0.707,0.557,0.668,0.786,0.221,0.631,0.907,91.8,5.24,4.85,108,17.52,3.22,3.51,1.58,1.84,6,6,0.64,0.7,0.46,1.39,False,173,158.8,30.3,1.69,1.06,0.84,1.06,0.86,0.241,0.105,2.1,False
canned_chicken,171110,poultry,1.44,1.56,2.26,0.33,3.73,1.49,0.76,1.29,1.86,2.09,0.68,0.99,1.16,0.88,1.05,0.29,0.83,1.24,191.0,7.55,6.99,108,25.3,4.39,2.3,0.97,1.09,12,13,1.01,0.53,0.66,1.53,False,134,255.9,33.9,1.44,0.96,0.72,0.96,0.75,0.152,0.152,1.91,False
pork_loin,167818,pork,1.158,1.245,1.814,0.248,3.044,1.019,0.77,0.91,1.572,1.766,0.514,0.785,0.838,0.815,0.891,0.244,0.676,1.064,171.0,8.66,7.6,114,19.74,3.55,2.08,0.92,1.03,14,14,0.76,0.44,0.51,1.49,False,159,271.9,31.4,1.73,1.17,0.86,1.17,0.86,0.143,0.118,2.07,False
beef_american_cab,168719,beef,1.192,1.268,1.786,0.253,2.944,1.194,0.626,0.892,1.56,1.657,0.511,0.775,0.935,0.772,0.783,0.129,0.625,0.973,392.0,19.04,17.15,111,20.59,3.42,0.87,0.4,0.42,21,21,0.76,0.19,0.54,1.41,False,160,627.2,32.9,1.75,1.09,0.88,1.09,0.88,0.033,0.124,1.04,False
beef_wagyu_steak,168719,beef,1.192,1.268,1.786,0.253,2.944,1.194,0.626,0.892,1.56,1.657,0.511,0.775,0.935,0.772,0.783,0.129,0.625,0.973,958.0,46.53,41.92,111,20.59,3.42,0.36,0.16,0.17,26,26,0.76,0.08,0.54,1.41,False,160,1532.8,32.9,1.75,1.09,0.88,1.09,0.88,0.013,0.124,1.04,False
fresh_salmon,173686,seafood,1.2,1.187,2.032,0.213,2.962,0.952,0.584,0.914,1.613,1.822,0.587,0.775,0.702,0.809,0.87,0.222,0.67,1.022,563.0,28.38,28.38,100,19.84,3.55,0.63,0.29,0.32,25,25,0.8,0.14,0.52,1.54,False,155,872.6,30.8,1.76,1.12,0.88,1.12,0.88,0.039,0.119,1.87,False
fresh_mackerel,175119,seafood,1.125,1.113,1.905,0.199,2.777,0.893,0.548,0.857,1.512,1.708,0.551,0.726,0.658,0.759,0.815,0.208,0.628,0.958,180.0,9.68,9.68,100,18.6,3.33,1.85,0.84,0.95,16,16,0.75,0.42,0.48,1.56,False,165,297.0,30.7,1.76,1.12,0.88,1.12,0.88,0.116,0.112,1.86,False
fresh_squid,174223,seafood,0.942,1.136,1.503,0.204,2.118,0.974,0.299,0.678,1.096,1.164,0.351,0.558,0.635,0.698,0.67,0.174,0.498,0.68,232.0,14.89,14.89,100,15.58,2.45,1.06,0.47,0.5,20,20,0.55,0.24,0.41,1.34,False,228,529.0,35.5,1.62,1.0,0.81,1.0,0.83,0.075,0.093,1.87,False
fresh_white_fish,174191,seafood,0.877,0.982,1.525,0.136,2.297,0.71,0.324,0.679,1.211,1.399,0.418,0.595,0.512,0.647,0.658,0.188,0.553,0.731,200.0,13.1,13.1,100,15.27,2.62,1.31,0.61,0.7,19,18,0.55,0.28,0.4,1.38,False,206,412.0,31.5,1.78,1.08,0.89,1.08,0.9,0.094,0.092,2.04,False
fresh_tuna,173706,seafood,1.411,1.396,2.388,0.25,3.482,1.12,0.687,1.075,1.896,2.142,0.69,0.911,0.825,0.952,1.023,0.261,0.787,1.202,569.0,24.39,24.39,100,23.33,4.17,0.73,0.33,0.38,23,24,0.94,0.17,0.61,1.54,False,132,751.1,30.8,1.76,1.12,0.88,1.12,0.88,0.046,0.14,1.86,False
canned_tuna,171986,seafood,1.543,1.527,2.612,0.273,3.808,1.224,0.751,1.175,2.073,2.343,0.755,0.996,0.902,1.041,1.118,0.286,0.861,1.314,229.0,8.98,8.98,100,25.51,4.56,1.99,0.91,1.02,15,15,1.03,0.45,0.66,1.56,False,121,277.1,30.9,1.76,1.12,0.88,1.12,0.88,0.125,0.153,1.87,False
natto,172443,plant,0.798,0.909,1.956,0.22,3.337,0.646,0.512,0.931,1.509,1.145,0.208,0.941,1.403,1.121,0.813,0.223,0.556,1.018,72.0,3.71,5.46,68,19.4,3.46,4.81,2.1,1.59,2,1,0.43,0.6,0.5,0.86,True,166,119.5,32.2,1.62,1.09,0.81,1.09,0.83,0.31,0.116,1.92,False
tofu_momen,172448,plant,0.405,0.716,1.066,0.03,1.721,0.384,0.225,0.444,0.728,0.462,0.11,0.437,0.567,0.531,0.411,0.123,0.367,0.455,36.6,4.05,5.47,74,9.04,1.63,4.45,1.99,1.26,3,3,0.14,0.38,0.24,0.58,True,343,125.5,31.0,1.64,1.02,0.82,1.02,0.84,0.336,0.054,2.28,False
tofu_kinu,172449,plant,0.268,0.436,0.724,0.091,1.133,0.256,0.191,0.324,0.498,0.431,0.084,0.319,0.353,0.309,0.268,0.102,0.219,0.331,36.6,5.1,6.89,74,7.17,1.15,3.14,1.36,1.18,7,7,0.18,0.49,0.19,0.95,True,502,183.7,36.0,1.54,1.02,0.77,1.02,0.79,0.279,0.043,2.37,False
chicken_egg,171287,poultry,0.735,0.82,1.329,0.272,1.673,0.432,0.309,0.671,1.086,0.912,0.38,0.68,0.512,0.971,0.556,0.167,0.499,0.858,53.2,4.24,3.75,113,12.56,2.62,4.92,2.04,1.71,1,2,0.65,1.22,0.33,1.97,False,230,122.4,28.9,1.62,1.28,0.81,1.28,0.79,0.314,0.075,2.23,False
quail_egg,172191,poultry,0.762,0.835,1.294,0.311,1.662,0.434,0.315,0.816,1.146,0.881,0.421,0.737,0.518,0.992,0.641,0.209,0.543,0.94,193.0,14.79,13.09,113,13.05,2.9,1.5,0.59,0.46,18,19,0.73,0.38,0.34,2.15,False,218,420.7,28.4,1.4,1.15,0.7,1.15,0.72,0.108,0.078,2.68,False
milk_whole,171265,dairy,0.107,0.09,0.27,0.019,0.708,0.062,0.095,0.163,0.299,0.264,0.083,0.163,0.311,0.19,0.134,0.04,0.159,0.206,25.5,8.1,7.11,114,3.15,0.67,2.63,1.17,1.04,10,10,0.1,0.39,0.08,1.25,False,836,213.2,26.3,1.83,1.26,0.92,1.26,0.86,0.157,0.019,2.11,False
yogurt_plain,171284,dairy,0.148,0.104,0.275,0.032,0.679,0.084,0.086,0.189,0.35,0.311,0.102,0.189,0.411,0.215,0.142,0.02,0.175,0.287,48.2,13.89,12.18,114,3.47,0.83,1.72,0.73,0.65,17,17,0.13,0.27,0.09,1.44,False,714,344.1,24.8,1.85,1.52,0.92,1.52,0.76,0.041,0.021,0.95,True
greek_yogurt,170903,dairy,0.225,0.158,0.416,0.048,1.028,0.127,0.13,0.286,0.529,0.471,0.155,0.286,0.622,0.325,0.216,0.03,0.265,0.434,153.6,15.44,13.54,114,9.95,1.25,0.81,0.34,0.31,22,23,0.2,0.13,0.26,0.77,True,473,726.5,47.1,1.85,1.52,0.92,1.52,0.76,0.02,0.06,0.5,True
whey_protein,173177,dairy,3.42,1.51,7.01,1.65,11.0,1.2,1.1,3.84,6.63,5.94,1.45,1.95,3.81,3.38,4.81,1.38,1.81,3.69,535.5,9.21,7.37,125,58.14,14.16,2.64,1.24,1.11,9,8,3.1,0.58,1.51,2.05,False,38,203.5,22.1,1.73,0.96,0.86,0.96,0.88,0.258,0.349,3.95,False
soy_protein,174276,plant,3.589,6.67,10.203,1.046,17.452,3.603,2.303,4.253,6.783,5.327,1.13,4.593,4.96,4.593,3.137,1.116,3.222,4.098,552.0,6.25,6.94,90,88.32,15.13,2.74,1.23,0.97,8,9,2.18,0.39,2.3,0.95,True,37,204.2,32.7,1.59,0.96,0.8,0.96,0.82,0.202,0.53,2.11,False
edamame,168411,plant,0.446,0.724,1.348,0.124,2.02,0.434,0.267,0.3,0.745,0.745,0.141,0.488,0.686,0.665,0.331,0.126,0.336,0.324,191.0,16.04,23.59,68,11.91,1.37,0.72,0.39,0.39,24,22,0.26,0.14,0.31,0.84,True,336,641.8,40.0,2.48,1.08,1.24,1.08,0.78,0.066,0.071,1.77,False
