food_key,source_category,fdc_id,description,usda_notes,protein_g,energy_kcal,fat_g,carbs_g,water_g,protein_pct_kcal,diaas_score,price_jpy,weight_g,price_jpy_per_100g,price_source,notes,yen_per_g_protein,adjusted_yen_per_g
chicken_breast,poultry,171474,"Chicken, broilers or fryers, breast, meat and skin, raw","Chicken breast, meat and skin, raw — no meat-only raw entry in USDA",20.85,172.0,9.25,0.0,69.46,48.5,108,862,1000,86.2,personal,represents chicken breast and sasami — identical price and USDA proxy at this market,4.13,3.82
chicken_thigh,poultry,172385,"Chicken, broilers or fryers, thigh, meat and skin, raw","Chicken thigh, meat and skin, raw",16.52,221.0,16.61,0.25,66.47,29.9,108,1231,1000,123.1,personal,"fresh, refrigerated, 1kg pack",7.45,6.9
chicken_wing_tip,poultry,172390,"Chicken, broilers or fryers, wing, meat and skin, raw","Chicken wing, meat and skin, raw",17.52,191.0,12.85,0.0,69.19,36.7,108,138,100,138.0,personal,per 100g,7.88,7.3
chicken_wing_moto,poultry,172390,"Chicken, broilers or fryers, wing, meat and skin, raw",PROXY: same as wing tip — no separate moto entry in USDA,17.52,191.0,12.85,0.0,69.19,36.7,108,918,1000,91.8,personal,"fresh, refrigerated, 1kg pack",5.24,4.85
canned_chicken,poultry,171110,"Chicken, canned, no broth","Chicken, canned, no broth",25.3,185.0,8.1,0.9,64.9,54.7,108,191,100,191.0,personal,avg of Inaba ¥199 and Kirkland ¥183,7.55,6.99
pork_loin,pork,167818,"Pork, fresh, loin, whole, separable lean and fat, raw","Pork loin, whole, lean and fat, raw",19.74,198.0,12.58,0.0,66.92,39.9,114,171,100,171.0,e-Stat,"represents all common loin cuts: tonkatsu, shougayaki, shabushabu — e-Stat imported pork proxy",8.66,7.6
beef_american_cab,beef,168719,"Beef, loin, top loin, separable lean and fat, trimmed to 1/8"" fat, select, raw","Beef, top loin, lean and fat, select, raw",20.59,224.0,15.04,0.0,63.95,36.8,111,392,100,392.0,e-Stat,represents imported beef cuts incl. usugiri — e-Stat imported beef proxy,19.04,17.15
beef_wagyu_steak,beef,168719,"Beef, loin, top loin, separable lean and fat, trimmed to 1/8"" fat, select, raw","PROXY: USDA top loin, select, raw — no wagyu entry; fat content understated",20.59,224.0,15.04,0.0,63.95,36.8,111,958,100,958.0,e-Stat,represents domestic beef incl. loin — e-Stat domestic beef proxy; actual wagyu likely higher,46.53,41.92
fresh_salmon,seafood,173686,"Fish, salmon, Atlantic, wild, raw","Salmon, Atlantic, wild, raw",19.84,142.0,6.34,0.0,68.5,55.9,100,563,100,563.0,e-Stat,June 2026,28.38,28.38
fresh_mackerel,seafood,175119,"Fish, mackerel, Atlantic, raw","Mackerel, Atlantic, raw",18.6,205.0,13.89,0.0,63.55,36.3,100,180,100,180.0,e-Stat,June 2026,9.68,9.68
fresh_squid,seafood,174223,"Mollusks, squid, mixed species, raw","Squid, mixed species, raw",15.58,92.0,1.38,3.08,78.55,67.7,100,232,100,232.0,e-Stat,June 2026,14.89,14.89
fresh_white_fish,seafood,174191,"Fish, cod, Pacific, raw (may have been previously frozen)","Cod, Pacific, raw — proxy for generic white fish",15.27,69.0,0.41,0.0,83.95,88.5,100,200,100,200.0,personal,estimated average between winter and summer prices,13.1,13.1
fresh_tuna,seafood,173706,"Fish, tuna, fresh, bluefin, raw","Tuna, bluefin, raw",23.33,144.0,4.9,0.0,68.09,64.8,100,569,100,569.0,e-Stat,June 2026,24.39,24.39
canned_tuna,seafood,171986,"Fish, tuna, light, canned in water, without salt, drained solids","Tuna, light, canned in water, no salt, drained",25.51,116.0,0.82,0.0,75.21,88.0,100,229,100,229.0,personal,avg of Amazon Mild ¥218 and Regular ¥240,8.98,8.98
natto,plant,172443,Natto,Natto,19.4,211.0,11.0,12.68,55.02,36.8,68,108,150,72.0,e-Stat,3×50g pack — June 2026,3.71,5.46
tofu_momen,plant,172448,"Tofu, firm, prepared with calcium sulfate and magnesium chloride (nigari)","Tofu, firm, prepared with calcium sulfate and nigari",9.04,78.0,4.17,2.85,82.93,46.4,74,128,350,36.6,personal,350g block,4.05,5.47
tofu_kinu,plant,172449,"Tofu, soft, prepared with calcium sulfate and magnesium chloride (nigari)","Tofu, soft, prepared with calcium sulfate and nigari",7.17,61.0,3.69,1.18,87.26,47.0,74,128,350,36.6,personal,350g block — same price as momen,5.1,6.89
chicken_egg,poultry,171287,"Egg, whole, raw, fresh","Egg, whole, raw, fresh",12.56,143.0,9.51,0.72,76.15,35.1,113,319,600,53.2,e-Stat,10個 pack — 600g (10×60g M size) — June 2026,4.24,3.75
quail_egg,poultry,172191,"Egg, quail, whole, fresh, raw","Egg, quail, whole, fresh, raw",13.05,158.0,11.09,0.41,74.35,33.0,113,193,100,193.0,personal,JA ZENNOU 10個 pack — est. 10g/egg (MAFF standard),14.79,13.09
milk_whole,dairy,171265,"Milk, whole, 3.25% milkfat, with added vitamin D","Milk, whole, 3.25% milkfat, with vitamin D",3.15,61.0,3.25,4.8,88.13,20.7,114,263,1030,25.5,e-Stat,1L carton — 1030g — June 2026,8.1,7.11
yogurt_plain,dairy,171284,"Yogurt, plain, whole milk","Yogurt, plain, whole milk",3.47,61.0,3.25,4.66,87.9,22.8,114,193,400,48.2,e-Stat,June 2026,13.89,12.18
greek_yogurt,dairy,170903,"Yogurt, Greek, plain, lowfat","Yogurt, Greek, plain, lowfat",9.95,73.0,1.92,3.94,83.56,54.5,114,430,280,153.6,personal,Partheno plain,15.44,13.54
whey_protein,dairy,173177,"Beverages, Whey protein powder isolate",Whey protein powder isolate,58.14,359.0,1.16,29.07,0.86,64.8,125,5355,1000,535.5,personal,SAVAS whey protein 1kg,9.21,7.37
soy_protein,plant,174276,Soy protein isolate,Soy protein isolate,88.32,335.0,3.39,0.0,4.98,100.0,90,4968,900,552.0,personal,SAVAS soy protein 900g,6.25,6.94
edamame,plant,168411,"Edamame, frozen, prepared","Edamame, frozen, prepared",11.91,121.0,5.2,8.91,72.77,39.4,68,191,100,191.0,e-Stat,fresh edamame — June 2026,16.04,23.59
