food_key,source_category,fdc_id,description,usda_notes,protein_g,energy_kcal,fat_g,carbs_g,water_g,protein_pct_kcal,price_jpy_per_100g,diaas_score
chicken_breast,poultry,171474,"Chicken, broilers or fryers, breast, meat and skin, raw","Chicken breast, meat and skin, raw — no meat-only raw entry in USDA",20.85,172.0,9.25,0.0,69.46,48.5,,
chicken_thigh,poultry,172385,"Chicken, broilers or fryers, thigh, meat and skin, raw","Chicken thigh, meat and skin, raw",16.52,221.0,16.61,0.25,66.47,29.9,,
chicken_sasami,poultry,171474,"Chicken, broilers or fryers, breast, meat and skin, raw","PROXY: breast meat and skin, raw — sasami is leaner; slightly understates protein",20.85,172.0,9.25,0.0,69.46,48.5,,
chicken_wing_tip,poultry,172390,"Chicken, broilers or fryers, wing, meat and skin, raw","Chicken wing, meat and skin, raw",17.52,191.0,12.85,0.0,69.19,36.7,,
chicken_wing_moto,poultry,172390,"Chicken, broilers or fryers, wing, meat and skin, raw",PROXY: same as wing tip — no separate moto entry in USDA,17.52,191.0,12.85,0.0,69.19,36.7,,
canned_chicken,poultry,171110,"Chicken, canned, no broth","Chicken, canned, no broth",25.3,185.0,8.1,0.9,64.9,54.7,,
pork_tonkatsu,pork,167818,"Pork, fresh, loin, whole, separable lean and fat, raw","Pork loin, whole, lean and fat, raw",19.74,198.0,12.58,0.0,66.92,39.9,,
pork_shougayaki,pork,167818,"Pork, fresh, loin, whole, separable lean and fat, raw","PROXY: pork loin, raw — thin cut not separately listed",19.74,198.0,12.58,0.0,66.92,39.9,,
pork_shabushabu,pork,167818,"Pork, fresh, loin, whole, separable lean and fat, raw","PROXY: pork loin, raw — thin cut not separately listed",19.74,198.0,12.58,0.0,66.92,39.9,,
pork_loin,pork,167818,"Pork, fresh, loin, whole, separable lean and fat, raw","Pork loin, whole, lean and fat, raw",19.74,198.0,12.58,0.0,66.92,39.9,,
beef_american_cab,beef,168719,"Beef, loin, top loin, separable lean and fat, trimmed to 1/8"" fat, select, raw","Beef, top loin, lean and fat, select, raw",20.59,224.0,15.04,0.0,63.95,36.8,,
beef_wagyu_steak,beef,168719,"Beef, loin, top loin, separable lean and fat, trimmed to 1/8"" fat, select, raw","PROXY: USDA top loin, select, raw — no wagyu entry; fat content understated",20.59,224.0,15.04,0.0,63.95,36.8,,
beef_loin,beef,168719,"Beef, loin, top loin, separable lean and fat, trimmed to 1/8"" fat, select, raw","Beef, top loin, lean and fat, select, raw",20.59,224.0,15.04,0.0,63.95,36.8,,
beef_usugiri,beef,168719,"Beef, loin, top loin, separable lean and fat, trimmed to 1/8"" fat, select, raw","PROXY: top loin, raw — thin-sliced not separately listed",20.59,224.0,15.04,0.0,63.95,36.8,,
fresh_salmon,seafood,173686,"Fish, salmon, Atlantic, wild, raw","Salmon, Atlantic, wild, raw",19.84,142.0,6.34,0.0,68.5,55.9,,
fresh_mackerel,seafood,175119,"Fish, mackerel, Atlantic, raw","Mackerel, Atlantic, raw",18.6,205.0,13.89,0.0,63.55,36.3,,
fresh_squid,seafood,174223,"Mollusks, squid, mixed species, raw","Squid, mixed species, raw",15.58,92.0,1.38,3.08,78.55,67.7,,
fresh_white_fish,seafood,174191,"Fish, cod, Pacific, raw (may have been previously frozen)","Cod, Pacific, raw — proxy for generic white fish",15.27,69.0,0.41,0.0,83.95,88.5,,
fresh_tuna,seafood,173706,"Fish, tuna, fresh, bluefin, raw","Tuna, bluefin, raw",23.33,144.0,4.9,0.0,68.09,64.8,,
canned_tuna,seafood,171986,"Fish, tuna, light, canned in water, without salt, drained solids","Tuna, light, canned in water, no salt, drained",25.51,116.0,0.82,0.0,75.21,88.0,,
natto,plant,172443,Natto,Natto,19.4,211.0,11.0,12.68,55.02,36.8,,
tofu_momen,plant,172448,"Tofu, firm, prepared with calcium sulfate and magnesium chloride (nigari)","Tofu, firm, prepared with calcium sulfate and nigari",9.04,78.0,4.17,2.85,82.93,46.4,,
tofu_kinu,plant,172449,"Tofu, soft, prepared with calcium sulfate and magnesium chloride (nigari)","Tofu, soft, prepared with calcium sulfate and nigari",7.17,61.0,3.69,1.18,87.26,47.0,,
chicken_egg,poultry,171287,"Egg, whole, raw, fresh","Egg, whole, raw, fresh",12.56,143.0,9.51,0.72,76.15,35.1,,
quail_egg,poultry,172191,"Egg, quail, whole, fresh, raw","Egg, quail, whole, fresh, raw",13.05,158.0,11.09,0.41,74.35,33.0,,
milk_whole,dairy,171265,"Milk, whole, 3.25% milkfat, with added vitamin D","Milk, whole, 3.25% milkfat, with vitamin D",3.15,61.0,3.25,4.8,88.13,20.7,,
yogurt_plain,dairy,171284,"Yogurt, plain, whole milk","Yogurt, plain, whole milk",3.47,61.0,3.25,4.66,87.9,22.8,,
greek_yogurt,dairy,170903,"Yogurt, Greek, plain, lowfat","Yogurt, Greek, plain, lowfat",9.95,73.0,1.92,3.94,83.56,54.5,,
whey_protein,dairy,173177,"Beverages, Whey protein powder isolate",Whey protein powder isolate,58.14,359.0,1.16,29.07,0.86,64.8,,
soy_protein,plant,174276,Soy protein isolate,Soy protein isolate,88.32,335.0,3.39,0.0,4.98,105.5,,
edamame,plant,168411,"Edamame, frozen, prepared","Edamame, frozen, prepared",11.91,121.0,5.2,8.91,72.77,39.4,,
