food_key,source_category,description,protein_g,energy_kcal,fat_g,carbs_g,water_g,protein_pct_kcal,diaas_score,price_jpy_per_100g,price_source,notes,yen_per_g_protein,adjusted_yen_per_g,pre_diaas_rank,post_diaas_rank,rank_change,leucine,total_bcaa_g,leucine_per_100yen,bcaa_per_100yen,lysine,lysine_per_100yen,saa_g,saa_vs_fao,saa_limiting,g_food_for_threshold,cost_to_hit_threshold,protein_at_threshold,bcaa_ratio_score,leu_ile_ratio,val_ile_ratio,trp_vs_fao,trp_limiting,is_complete_protein,min_iaa_ratio,limiting_aas,muscle_score,muscle_cost,muscle_rank
chicken_breast,poultry,"Chicken, broilers or fryers, breast, meat and skin, raw",20.85,172.0,9.25,0.0,69.46,48.5,108,86.2,personal,represents chicken breast and sasami — identical price and USDA proxy at this market,4.13,3.82,3,2,1,1.534,3.62,1.78,4.2,1.725,2.0,0.84,1.56,False,163,140.5,34.0,0.75,1.44,0.96,1.9,False,True,1.21,none,1.398,61.66,5
chicken_thigh,poultry,"Chicken, broilers or fryers, thigh, meat and skin, raw",16.52,221.0,16.61,0.25,66.47,29.9,108,123.1,personal,"fresh, refrigerated, 1kg pack",7.45,6.9,8,7,1,1.318,2.81,1.07,2.28,1.448,1.18,0.62,1.44,False,190,233.9,31.4,0.91,1.8,1.05,1.69,False,True,1.16,none,1.247,98.72,9
chicken_wing_tip,poultry,"Chicken, broilers or fryers, wing, meat and skin, raw",17.52,191.0,12.85,0.0,69.19,36.7,108,138.0,personal,per 100g,7.88,7.3,10,11,-1,1.449,3.22,1.05,2.33,1.685,1.22,0.64,1.39,False,173,238.7,30.3,0.86,1.69,1.06,2.1,False,True,1.3,none,1.338,103.14,10
chicken_wing_moto,poultry,"Chicken, broilers or fryers, wing, meat and skin, raw",17.52,191.0,12.85,0.0,69.19,36.7,108,91.8,personal,"fresh, refrigerated, 1kg pack",5.24,4.85,6,3,3,1.449,3.22,1.58,3.51,1.685,1.84,0.64,1.39,False,173,158.8,30.3,0.86,1.69,1.06,2.1,False,True,1.3,none,1.338,68.61,7
canned_chicken,poultry,"Chicken, canned, no broth",25.3,185.0,8.1,0.9,64.9,54.7,108,191.0,personal,avg of Inaba ¥199 and Kirkland ¥183,7.55,6.99,9,9,0,1.86,4.39,0.97,2.3,2.09,1.09,1.01,1.53,False,134,255.9,33.9,0.75,1.44,0.96,1.91,False,True,1.2,none,1.626,117.47,13
pork_loin,pork,"Pork, fresh, loin, whole, separable lean and fat, raw",19.74,198.0,12.58,0.0,66.92,39.9,114,171.0,e-Stat,"represents all common loin cuts: tonkatsu, shougayaki, shabushabu — e-Stat imported pork proxy",8.66,7.6,12,13,-1,1.572,3.55,0.92,2.08,1.766,1.03,0.76,1.49,False,159,271.9,31.4,0.86,1.73,1.17,2.07,False,True,1.3,none,1.442,118.59,14
beef_american_cab,beef,"Beef, loin, top loin, separable lean and fat, trimmed to 1/8"" fat, select, raw",20.59,224.0,15.04,0.0,63.95,36.8,111,392.0,e-Stat,represents imported beef cuts incl. usugiri — e-Stat imported beef proxy,19.04,17.15,22,21,1,1.56,3.42,0.4,0.87,1.657,0.42,0.76,1.41,False,160,627.2,32.9,0.88,1.75,1.09,1.04,False,True,1.05,none,1.425,275.09,22
beef_wagyu_steak,beef,"Beef, loin, top loin, separable lean and fat, trimmed to 1/8"" fat, select, raw",20.59,224.0,15.04,0.0,63.95,36.8,111,958.0,e-Stat,represents domestic beef incl. loin — e-Stat domestic beef proxy; actual wagyu likely higher,46.53,41.92,25,25,0,1.56,3.42,0.16,0.36,1.657,0.17,0.76,1.41,False,160,1532.8,32.9,0.88,1.75,1.09,1.04,False,True,1.05,none,1.425,672.28,25
fresh_salmon,seafood,"Fish, salmon, Atlantic, wild, raw",19.84,142.0,6.34,0.0,68.5,55.9,100,563.0,e-Stat,June 2026,28.38,28.38,24,24,0,1.613,3.55,0.29,0.63,1.822,0.32,0.8,1.54,False,155,872.6,30.8,0.88,1.76,1.12,1.87,False,True,1.29,none,1.429,393.98,24
fresh_mackerel,seafood,"Fish, mackerel, Atlantic, raw",18.6,205.0,13.89,0.0,63.55,36.3,100,180.0,e-Stat,June 2026,9.68,9.68,15,15,0,1.512,3.33,0.84,1.85,1.708,0.95,0.75,1.56,False,165,297.0,30.7,0.88,1.76,1.12,1.86,False,True,1.29,none,1.358,132.55,16
fresh_squid,seafood,"Mollusks, squid, mixed species, raw",15.58,92.0,1.38,3.08,78.55,67.7,100,232.0,e-Stat,June 2026,14.89,14.89,19,20,-1,1.096,2.45,0.47,1.06,1.164,0.5,0.55,1.34,False,228,529.0,35.5,0.83,1.62,1.0,1.87,False,True,1.09,none,1.067,217.43,20
fresh_white_fish,seafood,"Fish, cod, Pacific, raw (may have been previously frozen)",15.27,69.0,0.41,0.0,83.95,88.5,100,200.0,personal,estimated average between winter and summer prices,13.1,13.1,16,18,-2,1.211,2.62,0.61,1.31,1.399,0.7,0.55,1.38,False,206,412.0,31.5,0.9,1.78,1.08,2.04,False,True,1.2,none,1.148,174.22,18
fresh_tuna,seafood,"Fish, tuna, fresh, bluefin, raw",23.33,144.0,4.9,0.0,68.09,64.8,100,569.0,e-Stat,June 2026,24.39,24.39,23,23,0,1.896,4.17,0.33,0.73,2.142,0.38,0.94,1.54,False,132,751.1,30.8,0.88,1.76,1.12,1.86,False,True,1.29,none,1.627,349.72,23
canned_tuna,seafood,"Fish, tuna, light, canned in water, without salt, drained solids",25.51,116.0,0.82,0.0,75.21,88.0,100,229.0,personal,avg of Amazon Mild ¥218 and Regular ¥240,8.98,8.98,13,14,-1,2.073,4.56,0.91,1.99,2.343,1.02,1.03,1.56,False,121,277.1,30.9,0.88,1.76,1.12,1.87,False,True,1.29,none,1.751,130.78,15
natto,plant,Natto,19.4,211.0,11.0,12.68,55.02,36.8,68,72.0,e-Stat,3×50g pack — June 2026,3.71,5.46,1,4,-3,1.509,3.46,2.1,4.81,1.145,1.59,0.43,0.86,True,166,119.5,32.2,0.83,1.62,1.09,1.92,False,False,0.97,methionine,1.26,57.14,4
tofu_momen,plant,"Tofu, firm, prepared with calcium sulfate and magnesium chloride (nigari)",9.04,78.0,4.17,2.85,82.93,46.4,74,36.6,personal,350g block,4.05,5.47,2,5,-3,0.728,1.63,1.99,4.45,0.462,1.26,0.14,0.58,True,343,125.5,31.0,0.84,1.64,1.02,2.28,False,False,0.67,methionine,0.732,50.0,3
tofu_kinu,plant,"Tofu, soft, prepared with calcium sulfate and magnesium chloride (nigari)",7.17,61.0,3.69,1.18,87.26,47.0,74,36.6,personal,350g block — same price as momen,5.1,6.89,5,6,-1,0.498,1.15,1.36,3.14,0.431,1.18,0.18,0.95,True,502,183.7,36.0,0.79,1.54,1.02,2.37,False,True,1.09,none,0.571,64.1,6
chicken_egg,poultry,"Egg, whole, raw, fresh",12.56,143.0,9.51,0.72,76.15,35.1,113,53.2,e-Stat,10個 pack — 600g (10×60g M size) — June 2026,4.24,3.75,4,1,3,1.086,2.62,2.04,4.92,0.912,1.71,0.65,1.97,False,230,122.4,28.9,0.79,1.62,1.28,2.23,False,True,1.42,none,1.099,48.41,2
quail_egg,poultry,"Egg, quail, whole, fresh, raw",13.05,158.0,11.09,0.41,74.35,33.0,113,193.0,personal,JA ZENNOU 10個 pack — est. 10g/egg (MAFF standard),14.79,13.09,18,17,1,1.146,2.9,0.59,1.5,0.881,0.46,0.73,2.15,False,218,420.7,28.4,0.72,1.4,1.15,2.68,False,True,1.41,none,1.141,169.15,17
milk_whole,dairy,"Milk, whole, 3.25% milkfat, with added vitamin D",3.15,61.0,3.25,4.8,88.13,20.7,114,25.5,e-Stat,1L carton — 1030g — June 2026,8.1,7.11,11,10,1,0.299,0.67,1.17,2.63,0.264,1.04,0.1,1.25,False,836,213.2,26.3,0.86,1.83,1.26,2.11,False,True,1.38,none,0.551,46.28,1
yogurt_plain,dairy,"Yogurt, plain, whole milk",3.47,61.0,3.25,4.66,87.9,22.8,114,48.2,e-Stat,June 2026,13.89,12.18,17,16,1,0.35,0.83,0.73,1.72,0.311,0.65,0.13,1.44,False,714,344.1,24.8,0.76,1.85,1.52,0.95,True,False,0.97,tryptophan,0.587,82.11,8
greek_yogurt,dairy,"Yogurt, Greek, plain, lowfat",9.95,73.0,1.92,3.94,83.56,54.5,114,153.6,personal,Partheno plain,15.44,13.54,20,19,1,0.529,1.25,0.34,0.81,0.471,0.31,0.2,0.77,True,473,726.5,47.1,0.76,1.85,1.52,0.5,True,False,0.5,"histidine, isoleucine, leucine, lysine, methionine, threonine, tryptophan",0.712,215.73,19
whey_protein,dairy,"Beverages, Whey protein powder isolate",58.14,359.0,1.16,29.07,0.86,64.8,125,535.5,personal,SAVAS whey protein 1kg,9.21,7.37,14,12,2,6.63,14.16,1.24,2.64,5.94,1.11,3.1,2.05,False,38,203.5,22.1,0.88,1.73,0.96,3.95,False,True,1.18,none,5.016,106.76,11
soy_protein,plant,Soy protein isolate,88.32,335.0,3.39,0.0,4.98,100.0,90,552.0,personal,SAVAS soy protein 900g,6.25,6.94,7,8,-1,6.783,15.13,1.23,2.74,5.327,0.97,2.18,0.95,True,37,204.2,32.7,0.82,1.59,0.96,2.11,False,True,1.07,none,5.018,110.0,12
edamame,plant,"Edamame, frozen, prepared",11.91,121.0,5.2,8.91,72.77,39.4,68,191.0,e-Stat,fresh edamame — June 2026,16.04,23.59,21,22,-1,0.745,1.37,0.39,0.72,0.745,0.39,0.26,0.84,True,336,641.8,40.0,0.78,2.48,1.08,1.77,False,False,0.68,"isoleucine, methionine, valine",0.726,263.09,21
