food_key,source_category,current_price_per_100g,muscle_rank,muscle_cost_final,beat_next_overall,beat_next_in_cat,beat_overall_#1
milk_whole,dairy,25.5,1,46.28,N/A — #1 overall,N/A — is category best,N/A — is overall #1
chicken_egg,poultry,53.2,2,48.41,50.9,N/A — is category best,50.9
tofu_momen,plant,36.6,3,50.0,35.4,N/A — is category best,33.9
natto,plant,72.0,4,57.14,63.0,63.0,58.3
chicken_breast,poultry,86.2,5,61.66,79.9,67.7,64.7
tofu_kinu,plant,36.6,6,64.1,35.2,32.6,26.4
chicken_wing_moto,poultry,91.8,7,68.61,85.8,82.5,61.9
yogurt_plain,dairy,48.2,8,82.11,40.3,27.2,27.2
chicken_thigh,poultry,123.1,9,98.72,102.4,85.6,57.7
chicken_wing_tip,poultry,138.0,10,103.14,132.1,132.1,61.9
whey_protein,dairy,535.5,11,106.76,517.4,411.9,232.1
soy_protein,plant,552.0,12,110.0,535.7,321.7,232.2
canned_chicken,poultry,191.0,13,117.47,178.9,167.7,75.3
pork_loin,pork,171.0,14,118.59,169.4,N/A — is category best,66.7
canned_tuna,seafood,229.0,15,130.78,207.7,N/A — is category best,81.0
fresh_mackerel,seafood,180.0,16,132.55,177.6,177.6,62.8
quail_egg,poultry,193.0,17,169.15,151.2,134.0,52.8
fresh_white_fish,seafood,200.0,18,174.22,194.2,152.2,53.1
greek_yogurt,dairy,153.6,19,215.73,124.0,76.0,33.0
fresh_squid,seafood,232.0,20,217.43,230.2,185.9,49.4
edamame,plant,191.0,21,263.09,157.9,79.9,33.6
beef_american_cab,beef,392.0,22,275.09,374.9,N/A — is category best,65.9
fresh_tuna,seafood,569.0,23,349.72,447.6,353.8,75.3
fresh_salmon,seafood,563.0,24,393.98,499.7,499.7,66.1
beef_wagyu_steak,beef,958.0,25,672.28,561.4,392.0,65.9
