food_key,source_category,amino_acid,aa_type,value_g,fao_ratio,fao_ref_mg_per_g,is_limiting,protein_g,price_jpy_per_100g,diaas_score
chicken_breast,poultry,histidine,IAA,0.625,1.87,16.0,False,20.85,86.2,108
chicken_breast,poultry,isoleucine,IAA,1.063,1.7,30.0,False,20.85,86.2,108
chicken_breast,poultry,leucine,IAA,1.534,1.21,61.0,False,20.85,86.2,108
chicken_breast,poultry,lysine,IAA,1.725,1.72,48.0,False,20.85,86.2,108
chicken_breast,poultry,methionine,IAA,0.563,1.17,23.0,False,20.85,86.2,108
chicken_breast,poultry,phenylalanine,IAA,0.816,0.95,41.0,True,20.85,86.2,108
chicken_breast,poultry,threonine,IAA,0.869,1.67,25.0,False,20.85,86.2,108
chicken_breast,poultry,tryptophan,IAA,0.237,1.89,6.0,False,20.85,86.2,108
chicken_breast,poultry,valine,IAA,1.02,1.22,40.0,False,20.85,86.2,108
chicken_breast,poultry,alanine,dispensable,1.187,,,,20.85,86.2,108
chicken_breast,poultry,arginine,dispensable,1.289,,,,20.85,86.2,108
chicken_breast,poultry,aspartic_acid,dispensable,1.859,,,,20.85,86.2,108
chicken_breast,poultry,cystine,dispensable,0.274,,,,20.85,86.2,108
chicken_breast,poultry,glutamic_acid,dispensable,3.076,,,,20.85,86.2,108
chicken_breast,poultry,glycine,dispensable,1.228,,,,20.85,86.2,108
chicken_breast,poultry,proline,dispensable,0.954,,,,20.85,86.2,108
chicken_breast,poultry,serine,dispensable,0.729,,,,20.85,86.2,108
chicken_breast,poultry,tyrosine,dispensable,0.684,,,,20.85,86.2,108
chicken_thigh,poultry,histidine,IAA,0.465,1.76,16.0,False,16.52,123.1,108
chicken_thigh,poultry,isoleucine,IAA,0.731,1.47,30.0,False,16.52,123.1,108
chicken_thigh,poultry,leucine,IAA,1.318,1.31,61.0,False,16.52,123.1,108
chicken_thigh,poultry,lysine,IAA,1.448,1.83,48.0,False,16.52,123.1,108
chicken_thigh,poultry,methionine,IAA,0.438,1.15,23.0,False,16.52,123.1,108
chicken_thigh,poultry,phenylalanine,IAA,0.632,0.93,41.0,True,16.52,123.1,108
chicken_thigh,poultry,threonine,IAA,0.735,1.78,25.0,False,16.52,123.1,108
chicken_thigh,poultry,tryptophan,IAA,0.167,1.68,6.0,False,16.52,123.1,108
chicken_thigh,poultry,valine,IAA,0.764,1.16,40.0,False,16.52,123.1,108
chicken_thigh,poultry,alanine,dispensable,1.015,,,,16.52,123.1,108
chicken_thigh,poultry,arginine,dispensable,1.157,,,,16.52,123.1,108
chicken_thigh,poultry,aspartic_acid,dispensable,1.554,,,,16.52,123.1,108
chicken_thigh,poultry,cystine,dispensable,0.183,,,,16.52,123.1,108
chicken_thigh,poultry,glutamic_acid,dispensable,2.571,,,,16.52,123.1,108
chicken_thigh,poultry,glycine,dispensable,1.005,,,,16.52,123.1,108
chicken_thigh,poultry,proline,dispensable,0.773,,,,16.52,123.1,108
chicken_thigh,poultry,serine,dispensable,0.675,,,,16.52,123.1,108
chicken_thigh,poultry,tyrosine,dispensable,0.579,,,,16.52,123.1,108
chicken_wing_tip,poultry,histidine,IAA,0.653,2.33,16.0,False,17.52,138.0,108
chicken_wing_tip,poultry,isoleucine,IAA,0.859,1.63,30.0,False,17.52,138.0,108
chicken_wing_tip,poultry,leucine,IAA,1.449,1.36,61.0,False,17.52,138.0,108
chicken_wing_tip,poultry,lysine,IAA,1.685,2.0,48.0,False,17.52,138.0,108
chicken_wing_tip,poultry,methionine,IAA,0.456,1.13,23.0,False,17.52,138.0,108
chicken_wing_tip,poultry,phenylalanine,IAA,0.707,0.98,41.0,True,17.52,138.0,108
chicken_wing_tip,poultry,threonine,IAA,0.786,1.79,25.0,False,17.52,138.0,108
chicken_wing_tip,poultry,tryptophan,IAA,0.221,2.1,6.0,False,17.52,138.0,108
chicken_wing_tip,poultry,valine,IAA,0.907,1.29,40.0,False,17.52,138.0,108
chicken_wing_tip,poultry,alanine,dispensable,1.023,,,,17.52,138.0,108
chicken_wing_tip,poultry,arginine,dispensable,1.185,,,,17.52,138.0,108
chicken_wing_tip,poultry,aspartic_acid,dispensable,1.648,,,,17.52,138.0,108
chicken_wing_tip,poultry,cystine,dispensable,0.183,,,,17.52,138.0,108
chicken_wing_tip,poultry,glutamic_acid,dispensable,2.595,,,,17.52,138.0,108
chicken_wing_tip,poultry,glycine,dispensable,0.775,,,,17.52,138.0,108
chicken_wing_tip,poultry,proline,dispensable,0.557,,,,17.52,138.0,108
chicken_wing_tip,poultry,serine,dispensable,0.668,,,,17.52,138.0,108
chicken_wing_tip,poultry,tyrosine,dispensable,0.631,,,,17.52,138.0,108
chicken_wing_moto,poultry,histidine,IAA,0.653,2.33,16.0,False,17.52,91.8,108
chicken_wing_moto,poultry,isoleucine,IAA,0.859,1.63,30.0,False,17.52,91.8,108
chicken_wing_moto,poultry,leucine,IAA,1.449,1.36,61.0,False,17.52,91.8,108
chicken_wing_moto,poultry,lysine,IAA,1.685,2.0,48.0,False,17.52,91.8,108
chicken_wing_moto,poultry,methionine,IAA,0.456,1.13,23.0,False,17.52,91.8,108
chicken_wing_moto,poultry,phenylalanine,IAA,0.707,0.98,41.0,True,17.52,91.8,108
chicken_wing_moto,poultry,threonine,IAA,0.786,1.79,25.0,False,17.52,91.8,108
chicken_wing_moto,poultry,tryptophan,IAA,0.221,2.1,6.0,False,17.52,91.8,108
chicken_wing_moto,poultry,valine,IAA,0.907,1.29,40.0,False,17.52,91.8,108
chicken_wing_moto,poultry,alanine,dispensable,1.023,,,,17.52,91.8,108
chicken_wing_moto,poultry,arginine,dispensable,1.185,,,,17.52,91.8,108
chicken_wing_moto,poultry,aspartic_acid,dispensable,1.648,,,,17.52,91.8,108
chicken_wing_moto,poultry,cystine,dispensable,0.183,,,,17.52,91.8,108
chicken_wing_moto,poultry,glutamic_acid,dispensable,2.595,,,,17.52,91.8,108
chicken_wing_moto,poultry,glycine,dispensable,0.775,,,,17.52,91.8,108
chicken_wing_moto,poultry,proline,dispensable,0.557,,,,17.52,91.8,108
chicken_wing_moto,poultry,serine,dispensable,0.668,,,,17.52,91.8,108
chicken_wing_moto,poultry,tyrosine,dispensable,0.631,,,,17.52,91.8,108
canned_chicken,poultry,histidine,IAA,0.76,1.88,16.0,False,25.3,191.0,108
canned_chicken,poultry,isoleucine,IAA,1.29,1.7,30.0,False,25.3,191.0,108
canned_chicken,poultry,leucine,IAA,1.86,1.21,61.0,False,25.3,191.0,108
canned_chicken,poultry,lysine,IAA,2.09,1.72,48.0,False,25.3,191.0,108
canned_chicken,poultry,methionine,IAA,0.68,1.17,23.0,False,25.3,191.0,108
canned_chicken,poultry,phenylalanine,IAA,0.99,0.95,41.0,True,25.3,191.0,108
canned_chicken,poultry,threonine,IAA,1.05,1.66,25.0,False,25.3,191.0,108
canned_chicken,poultry,tryptophan,IAA,0.29,1.91,6.0,False,25.3,191.0,108
canned_chicken,poultry,valine,IAA,1.24,1.23,40.0,False,25.3,191.0,108
canned_chicken,poultry,alanine,dispensable,1.44,,,,25.3,191.0,108
canned_chicken,poultry,arginine,dispensable,1.56,,,,25.3,191.0,108
canned_chicken,poultry,aspartic_acid,dispensable,2.26,,,,25.3,191.0,108
canned_chicken,poultry,cystine,dispensable,0.33,,,,25.3,191.0,108
canned_chicken,poultry,glutamic_acid,dispensable,3.73,,,,25.3,191.0,108
canned_chicken,poultry,glycine,dispensable,1.49,,,,25.3,191.0,108
canned_chicken,poultry,proline,dispensable,1.16,,,,25.3,191.0,108
canned_chicken,poultry,serine,dispensable,0.88,,,,25.3,191.0,108
canned_chicken,poultry,tyrosine,dispensable,0.83,,,,25.3,191.0,108
pork_loin,pork,histidine,IAA,0.77,2.44,16.0,False,19.74,171.0,114
pork_loin,pork,isoleucine,IAA,0.91,1.54,30.0,False,19.74,171.0,114
pork_loin,pork,leucine,IAA,1.572,1.31,61.0,False,19.74,171.0,114
pork_loin,pork,lysine,IAA,1.766,1.86,48.0,False,19.74,171.0,114
pork_loin,pork,methionine,IAA,0.514,1.13,23.0,False,19.74,171.0,114
pork_loin,pork,phenylalanine,IAA,0.785,0.97,41.0,True,19.74,171.0,114
pork_loin,pork,threonine,IAA,0.891,1.81,25.0,False,19.74,171.0,114
pork_loin,pork,tryptophan,IAA,0.244,2.06,6.0,False,19.74,171.0,114
pork_loin,pork,valine,IAA,1.064,1.35,40.0,False,19.74,171.0,114
pork_loin,pork,alanine,dispensable,1.158,,,,19.74,171.0,114
pork_loin,pork,arginine,dispensable,1.245,,,,19.74,171.0,114
pork_loin,pork,aspartic_acid,dispensable,1.814,,,,19.74,171.0,114
pork_loin,pork,cystine,dispensable,0.248,,,,19.74,171.0,114
pork_loin,pork,glutamic_acid,dispensable,3.044,,,,19.74,171.0,114
pork_loin,pork,glycine,dispensable,1.019,,,,19.74,171.0,114
pork_loin,pork,proline,dispensable,0.838,,,,19.74,171.0,114
pork_loin,pork,serine,dispensable,0.815,,,,19.74,171.0,114
pork_loin,pork,tyrosine,dispensable,0.676,,,,19.74,171.0,114
beef_american_cab,beef,histidine,IAA,0.626,1.9,16.0,False,20.59,392.0,111
beef_american_cab,beef,isoleucine,IAA,0.892,1.44,30.0,False,20.59,392.0,111
beef_american_cab,beef,leucine,IAA,1.56,1.24,61.0,False,20.59,392.0,111
beef_american_cab,beef,lysine,IAA,1.657,1.68,48.0,False,20.59,392.0,111
beef_american_cab,beef,methionine,IAA,0.511,1.08,23.0,False,20.59,392.0,111
beef_american_cab,beef,phenylalanine,IAA,0.775,0.92,41.0,True,20.59,392.0,111
beef_american_cab,beef,threonine,IAA,0.783,1.52,25.0,False,20.59,392.0,111
beef_american_cab,beef,tryptophan,IAA,0.129,1.04,6.0,False,20.59,392.0,111
beef_american_cab,beef,valine,IAA,0.973,1.18,40.0,False,20.59,392.0,111
beef_american_cab,beef,alanine,dispensable,1.192,,,,20.59,392.0,111
beef_american_cab,beef,arginine,dispensable,1.268,,,,20.59,392.0,111
beef_american_cab,beef,aspartic_acid,dispensable,1.786,,,,20.59,392.0,111
beef_american_cab,beef,cystine,dispensable,0.253,,,,20.59,392.0,111
beef_american_cab,beef,glutamic_acid,dispensable,2.944,,,,20.59,392.0,111
beef_american_cab,beef,glycine,dispensable,1.194,,,,20.59,392.0,111
beef_american_cab,beef,proline,dispensable,0.935,,,,20.59,392.0,111
beef_american_cab,beef,serine,dispensable,0.772,,,,20.59,392.0,111
beef_american_cab,beef,tyrosine,dispensable,0.625,,,,20.59,392.0,111
beef_wagyu_steak,beef,histidine,IAA,0.626,1.9,16.0,False,20.59,958.0,111
beef_wagyu_steak,beef,isoleucine,IAA,0.892,1.44,30.0,False,20.59,958.0,111
beef_wagyu_steak,beef,leucine,IAA,1.56,1.24,61.0,False,20.59,958.0,111
beef_wagyu_steak,beef,lysine,IAA,1.657,1.68,48.0,False,20.59,958.0,111
beef_wagyu_steak,beef,methionine,IAA,0.511,1.08,23.0,False,20.59,958.0,111
beef_wagyu_steak,beef,phenylalanine,IAA,0.775,0.92,41.0,True,20.59,958.0,111
beef_wagyu_steak,beef,threonine,IAA,0.783,1.52,25.0,False,20.59,958.0,111
beef_wagyu_steak,beef,tryptophan,IAA,0.129,1.04,6.0,False,20.59,958.0,111
beef_wagyu_steak,beef,valine,IAA,0.973,1.18,40.0,False,20.59,958.0,111
beef_wagyu_steak,beef,alanine,dispensable,1.192,,,,20.59,958.0,111
beef_wagyu_steak,beef,arginine,dispensable,1.268,,,,20.59,958.0,111
beef_wagyu_steak,beef,aspartic_acid,dispensable,1.786,,,,20.59,958.0,111
beef_wagyu_steak,beef,cystine,dispensable,0.253,,,,20.59,958.0,111
beef_wagyu_steak,beef,glutamic_acid,dispensable,2.944,,,,20.59,958.0,111
beef_wagyu_steak,beef,glycine,dispensable,1.194,,,,20.59,958.0,111
beef_wagyu_steak,beef,proline,dispensable,0.935,,,,20.59,958.0,111
beef_wagyu_steak,beef,serine,dispensable,0.772,,,,20.59,958.0,111
beef_wagyu_steak,beef,tyrosine,dispensable,0.625,,,,20.59,958.0,111
fresh_salmon,seafood,histidine,IAA,0.584,1.84,16.0,False,19.84,563.0,100
fresh_salmon,seafood,isoleucine,IAA,0.914,1.54,30.0,False,19.84,563.0,100
fresh_salmon,seafood,leucine,IAA,1.613,1.33,61.0,False,19.84,563.0,100
fresh_salmon,seafood,lysine,IAA,1.822,1.91,48.0,False,19.84,563.0,100
fresh_salmon,seafood,methionine,IAA,0.587,1.29,23.0,False,19.84,563.0,100
fresh_salmon,seafood,phenylalanine,IAA,0.775,0.95,41.0,True,19.84,563.0,100
fresh_salmon,seafood,threonine,IAA,0.87,1.75,25.0,False,19.84,563.0,100
fresh_salmon,seafood,tryptophan,IAA,0.222,1.86,6.0,False,19.84,563.0,100
fresh_salmon,seafood,valine,IAA,1.022,1.29,40.0,False,19.84,563.0,100
fresh_salmon,seafood,alanine,dispensable,1.2,,,,19.84,563.0,100
fresh_salmon,seafood,arginine,dispensable,1.187,,,,19.84,563.0,100
fresh_salmon,seafood,aspartic_acid,dispensable,2.032,,,,19.84,563.0,100
fresh_salmon,seafood,cystine,dispensable,0.213,,,,19.84,563.0,100
fresh_salmon,seafood,glutamic_acid,dispensable,2.962,,,,19.84,563.0,100
fresh_salmon,seafood,glycine,dispensable,0.952,,,,19.84,563.0,100
fresh_salmon,seafood,proline,dispensable,0.702,,,,19.84,563.0,100
fresh_salmon,seafood,serine,dispensable,0.809,,,,19.84,563.0,100
fresh_salmon,seafood,tyrosine,dispensable,0.67,,,,19.84,563.0,100
fresh_mackerel,seafood,histidine,IAA,0.548,1.84,16.0,False,18.6,180.0,100
fresh_mackerel,seafood,isoleucine,IAA,0.857,1.54,30.0,False,18.6,180.0,100
fresh_mackerel,seafood,leucine,IAA,1.512,1.33,61.0,False,18.6,180.0,100
fresh_mackerel,seafood,lysine,IAA,1.708,1.91,48.0,False,18.6,180.0,100
fresh_mackerel,seafood,methionine,IAA,0.551,1.29,23.0,False,18.6,180.0,100
fresh_mackerel,seafood,phenylalanine,IAA,0.726,0.95,41.0,True,18.6,180.0,100
fresh_mackerel,seafood,threonine,IAA,0.815,1.75,25.0,False,18.6,180.0,100
fresh_mackerel,seafood,tryptophan,IAA,0.208,1.86,6.0,False,18.6,180.0,100
fresh_mackerel,seafood,valine,IAA,0.958,1.29,40.0,False,18.6,180.0,100
fresh_mackerel,seafood,alanine,dispensable,1.125,,,,18.6,180.0,100
fresh_mackerel,seafood,arginine,dispensable,1.113,,,,18.6,180.0,100
fresh_mackerel,seafood,aspartic_acid,dispensable,1.905,,,,18.6,180.0,100
fresh_mackerel,seafood,cystine,dispensable,0.199,,,,18.6,180.0,100
fresh_mackerel,seafood,glutamic_acid,dispensable,2.777,,,,18.6,180.0,100
fresh_mackerel,seafood,glycine,dispensable,0.893,,,,18.6,180.0,100
fresh_mackerel,seafood,proline,dispensable,0.658,,,,18.6,180.0,100
fresh_mackerel,seafood,serine,dispensable,0.759,,,,18.6,180.0,100
fresh_mackerel,seafood,tyrosine,dispensable,0.628,,,,18.6,180.0,100
fresh_squid,seafood,histidine,IAA,0.299,1.2,16.0,False,15.58,232.0,100
fresh_squid,seafood,isoleucine,IAA,0.678,1.45,30.0,False,15.58,232.0,100
fresh_squid,seafood,leucine,IAA,1.096,1.15,61.0,False,15.58,232.0,100
fresh_squid,seafood,lysine,IAA,1.164,1.56,48.0,False,15.58,232.0,100
fresh_squid,seafood,methionine,IAA,0.351,0.98,23.0,True,15.58,232.0,100
fresh_squid,seafood,phenylalanine,IAA,0.558,0.87,41.0,True,15.58,232.0,100
fresh_squid,seafood,threonine,IAA,0.67,1.72,25.0,False,15.58,232.0,100
fresh_squid,seafood,tryptophan,IAA,0.174,1.86,6.0,False,15.58,232.0,100
fresh_squid,seafood,valine,IAA,0.68,1.09,40.0,False,15.58,232.0,100
fresh_squid,seafood,alanine,dispensable,0.942,,,,15.58,232.0,100
fresh_squid,seafood,arginine,dispensable,1.136,,,,15.58,232.0,100
fresh_squid,seafood,aspartic_acid,dispensable,1.503,,,,15.58,232.0,100
fresh_squid,seafood,cystine,dispensable,0.204,,,,15.58,232.0,100
fresh_squid,seafood,glutamic_acid,dispensable,2.118,,,,15.58,232.0,100
fresh_squid,seafood,glycine,dispensable,0.974,,,,15.58,232.0,100
fresh_squid,seafood,proline,dispensable,0.635,,,,15.58,232.0,100
fresh_squid,seafood,serine,dispensable,0.698,,,,15.58,232.0,100
fresh_squid,seafood,tyrosine,dispensable,0.498,,,,15.58,232.0,100
fresh_white_fish,seafood,histidine,IAA,0.324,1.33,16.0,False,15.27,200.0,100
fresh_white_fish,seafood,isoleucine,IAA,0.679,1.48,30.0,False,15.27,200.0,100
fresh_white_fish,seafood,leucine,IAA,1.211,1.3,61.0,False,15.27,200.0,100
fresh_white_fish,seafood,lysine,IAA,1.399,1.91,48.0,False,15.27,200.0,100
fresh_white_fish,seafood,methionine,IAA,0.418,1.19,23.0,False,15.27,200.0,100
fresh_white_fish,seafood,phenylalanine,IAA,0.595,0.95,41.0,True,15.27,200.0,100
fresh_white_fish,seafood,threonine,IAA,0.658,1.72,25.0,False,15.27,200.0,100
fresh_white_fish,seafood,tryptophan,IAA,0.188,2.05,6.0,False,15.27,200.0,100
fresh_white_fish,seafood,valine,IAA,0.731,1.2,40.0,False,15.27,200.0,100
fresh_white_fish,seafood,alanine,dispensable,0.877,,,,15.27,200.0,100
fresh_white_fish,seafood,arginine,dispensable,0.982,,,,15.27,200.0,100
fresh_white_fish,seafood,aspartic_acid,dispensable,1.525,,,,15.27,200.0,100
fresh_white_fish,seafood,cystine,dispensable,0.136,,,,15.27,200.0,100
fresh_white_fish,seafood,glutamic_acid,dispensable,2.297,,,,15.27,200.0,100
fresh_white_fish,seafood,glycine,dispensable,0.71,,,,15.27,200.0,100
fresh_white_fish,seafood,proline,dispensable,0.512,,,,15.27,200.0,100
fresh_white_fish,seafood,serine,dispensable,0.647,,,,15.27,200.0,100
fresh_white_fish,seafood,tyrosine,dispensable,0.553,,,,15.27,200.0,100
fresh_tuna,seafood,histidine,IAA,0.687,1.84,16.0,False,23.33,569.0,100
fresh_tuna,seafood,isoleucine,IAA,1.075,1.54,30.0,False,23.33,569.0,100
fresh_tuna,seafood,leucine,IAA,1.896,1.33,61.0,False,23.33,569.0,100
fresh_tuna,seafood,lysine,IAA,2.142,1.91,48.0,False,23.33,569.0,100
fresh_tuna,seafood,methionine,IAA,0.69,1.29,23.0,False,23.33,569.0,100
fresh_tuna,seafood,phenylalanine,IAA,0.911,0.95,41.0,True,23.33,569.0,100
fresh_tuna,seafood,threonine,IAA,1.023,1.75,25.0,False,23.33,569.0,100
fresh_tuna,seafood,tryptophan,IAA,0.261,1.86,6.0,False,23.33,569.0,100
fresh_tuna,seafood,valine,IAA,1.202,1.29,40.0,False,23.33,569.0,100
fresh_tuna,seafood,alanine,dispensable,1.411,,,,23.33,569.0,100
fresh_tuna,seafood,arginine,dispensable,1.396,,,,23.33,569.0,100
fresh_tuna,seafood,aspartic_acid,dispensable,2.388,,,,23.33,569.0,100
fresh_tuna,seafood,cystine,dispensable,0.25,,,,23.33,569.0,100
fresh_tuna,seafood,glutamic_acid,dispensable,3.482,,,,23.33,569.0,100
fresh_tuna,seafood,glycine,dispensable,1.12,,,,23.33,569.0,100
fresh_tuna,seafood,proline,dispensable,0.825,,,,23.33,569.0,100
fresh_tuna,seafood,serine,dispensable,0.952,,,,23.33,569.0,100
fresh_tuna,seafood,tyrosine,dispensable,0.787,,,,23.33,569.0,100
canned_tuna,seafood,histidine,IAA,0.751,1.84,16.0,False,25.51,229.0,100
canned_tuna,seafood,isoleucine,IAA,1.175,1.54,30.0,False,25.51,229.0,100
canned_tuna,seafood,leucine,IAA,2.073,1.33,61.0,False,25.51,229.0,100
canned_tuna,seafood,lysine,IAA,2.343,1.91,48.0,False,25.51,229.0,100
canned_tuna,seafood,methionine,IAA,0.755,1.29,23.0,False,25.51,229.0,100
canned_tuna,seafood,phenylalanine,IAA,0.996,0.95,41.0,True,25.51,229.0,100
canned_tuna,seafood,threonine,IAA,1.118,1.75,25.0,False,25.51,229.0,100
canned_tuna,seafood,tryptophan,IAA,0.286,1.87,6.0,False,25.51,229.0,100
canned_tuna,seafood,valine,IAA,1.314,1.29,40.0,False,25.51,229.0,100
canned_tuna,seafood,alanine,dispensable,1.543,,,,25.51,229.0,100
canned_tuna,seafood,arginine,dispensable,1.527,,,,25.51,229.0,100
canned_tuna,seafood,aspartic_acid,dispensable,2.612,,,,25.51,229.0,100
canned_tuna,seafood,cystine,dispensable,0.273,,,,25.51,229.0,100
canned_tuna,seafood,glutamic_acid,dispensable,3.808,,,,25.51,229.0,100
canned_tuna,seafood,glycine,dispensable,1.224,,,,25.51,229.0,100
canned_tuna,seafood,proline,dispensable,0.902,,,,25.51,229.0,100
canned_tuna,seafood,serine,dispensable,1.041,,,,25.51,229.0,100
canned_tuna,seafood,tyrosine,dispensable,0.861,,,,25.51,229.0,100
natto,plant,histidine,IAA,0.512,1.65,16.0,False,19.4,72.0,68
natto,plant,isoleucine,IAA,0.931,1.6,30.0,False,19.4,72.0,68
natto,plant,leucine,IAA,1.509,1.28,61.0,False,19.4,72.0,68
natto,plant,lysine,IAA,1.145,1.23,48.0,False,19.4,72.0,68
natto,plant,methionine,IAA,0.208,0.47,23.0,True,19.4,72.0,68
natto,plant,phenylalanine,IAA,0.941,1.18,41.0,False,19.4,72.0,68
natto,plant,threonine,IAA,0.813,1.68,25.0,False,19.4,72.0,68
natto,plant,tryptophan,IAA,0.223,1.92,6.0,False,19.4,72.0,68
natto,plant,valine,IAA,1.018,1.31,40.0,False,19.4,72.0,68
natto,plant,alanine,dispensable,0.798,,,,19.4,72.0,68
natto,plant,arginine,dispensable,0.909,,,,19.4,72.0,68
natto,plant,aspartic_acid,dispensable,1.956,,,,19.4,72.0,68
natto,plant,cystine,dispensable,0.22,,,,19.4,72.0,68
natto,plant,glutamic_acid,dispensable,3.337,,,,19.4,72.0,68
natto,plant,glycine,dispensable,0.646,,,,19.4,72.0,68
natto,plant,proline,dispensable,1.403,,,,19.4,72.0,68
natto,plant,serine,dispensable,1.121,,,,19.4,72.0,68
natto,plant,tyrosine,dispensable,0.556,,,,19.4,72.0,68
tofu_momen,plant,histidine,IAA,0.225,1.56,16.0,False,9.04,36.6,74
tofu_momen,plant,isoleucine,IAA,0.444,1.64,30.0,False,9.04,36.6,74
tofu_momen,plant,leucine,IAA,0.728,1.32,61.0,False,9.04,36.6,74
tofu_momen,plant,lysine,IAA,0.462,1.06,48.0,False,9.04,36.6,74
tofu_momen,plant,methionine,IAA,0.11,0.53,23.0,True,9.04,36.6,74
tofu_momen,plant,phenylalanine,IAA,0.437,1.18,41.0,False,9.04,36.6,74
tofu_momen,plant,threonine,IAA,0.411,1.82,25.0,False,9.04,36.6,74
tofu_momen,plant,tryptophan,IAA,0.123,2.27,6.0,False,9.04,36.6,74
tofu_momen,plant,valine,IAA,0.455,1.26,40.0,False,9.04,36.6,74
tofu_momen,plant,alanine,dispensable,0.405,,,,9.04,36.6,74
tofu_momen,plant,arginine,dispensable,0.716,,,,9.04,36.6,74
tofu_momen,plant,aspartic_acid,dispensable,1.066,,,,9.04,36.6,74
tofu_momen,plant,cystine,dispensable,0.03,,,,9.04,36.6,74
tofu_momen,plant,glutamic_acid,dispensable,1.721,,,,9.04,36.6,74
tofu_momen,plant,glycine,dispensable,0.384,,,,9.04,36.6,74
tofu_momen,plant,proline,dispensable,0.567,,,,9.04,36.6,74
tofu_momen,plant,serine,dispensable,0.531,,,,9.04,36.6,74
tofu_momen,plant,tyrosine,dispensable,0.367,,,,9.04,36.6,74
tofu_kinu,plant,histidine,IAA,0.191,1.66,16.0,False,7.17,36.6,74
tofu_kinu,plant,isoleucine,IAA,0.324,1.51,30.0,False,7.17,36.6,74
tofu_kinu,plant,leucine,IAA,0.498,1.14,61.0,False,7.17,36.6,74
tofu_kinu,plant,lysine,IAA,0.431,1.25,48.0,False,7.17,36.6,74
tofu_kinu,plant,methionine,IAA,0.084,0.51,23.0,True,7.17,36.6,74
tofu_kinu,plant,phenylalanine,IAA,0.319,1.09,41.0,False,7.17,36.6,74
tofu_kinu,plant,threonine,IAA,0.268,1.5,25.0,False,7.17,36.6,74
tofu_kinu,plant,tryptophan,IAA,0.102,2.37,6.0,False,7.17,36.6,74
tofu_kinu,plant,valine,IAA,0.331,1.15,40.0,False,7.17,36.6,74
tofu_kinu,plant,alanine,dispensable,0.268,,,,7.17,36.6,74
tofu_kinu,plant,arginine,dispensable,0.436,,,,7.17,36.6,74
tofu_kinu,plant,aspartic_acid,dispensable,0.724,,,,7.17,36.6,74
tofu_kinu,plant,cystine,dispensable,0.091,,,,7.17,36.6,74
tofu_kinu,plant,glutamic_acid,dispensable,1.133,,,,7.17,36.6,74
tofu_kinu,plant,glycine,dispensable,0.256,,,,7.17,36.6,74
tofu_kinu,plant,proline,dispensable,0.353,,,,7.17,36.6,74
tofu_kinu,plant,serine,dispensable,0.309,,,,7.17,36.6,74
tofu_kinu,plant,tyrosine,dispensable,0.219,,,,7.17,36.6,74
chicken_egg,poultry,histidine,IAA,0.309,1.54,16.0,False,12.56,53.2,113
chicken_egg,poultry,isoleucine,IAA,0.671,1.78,30.0,False,12.56,53.2,113
chicken_egg,poultry,leucine,IAA,1.086,1.42,61.0,False,12.56,53.2,113
chicken_egg,poultry,lysine,IAA,0.912,1.51,48.0,False,12.56,53.2,113
chicken_egg,poultry,methionine,IAA,0.38,1.32,23.0,False,12.56,53.2,113
chicken_egg,poultry,phenylalanine,IAA,0.68,1.32,41.0,False,12.56,53.2,113
chicken_egg,poultry,threonine,IAA,0.556,1.77,25.0,False,12.56,53.2,113
chicken_egg,poultry,tryptophan,IAA,0.167,2.22,6.0,False,12.56,53.2,113
chicken_egg,poultry,valine,IAA,0.858,1.71,40.0,False,12.56,53.2,113
chicken_egg,poultry,alanine,dispensable,0.735,,,,12.56,53.2,113
chicken_egg,poultry,arginine,dispensable,0.82,,,,12.56,53.2,113
chicken_egg,poultry,aspartic_acid,dispensable,1.329,,,,12.56,53.2,113
chicken_egg,poultry,cystine,dispensable,0.272,,,,12.56,53.2,113
chicken_egg,poultry,glutamic_acid,dispensable,1.673,,,,12.56,53.2,113
chicken_egg,poultry,glycine,dispensable,0.432,,,,12.56,53.2,113
chicken_egg,poultry,proline,dispensable,0.512,,,,12.56,53.2,113
chicken_egg,poultry,serine,dispensable,0.971,,,,12.56,53.2,113
chicken_egg,poultry,tyrosine,dispensable,0.499,,,,12.56,53.2,113
quail_egg,poultry,histidine,IAA,0.315,1.51,16.0,False,13.05,193.0,113
quail_egg,poultry,isoleucine,IAA,0.816,2.08,30.0,False,13.05,193.0,113
quail_egg,poultry,leucine,IAA,1.146,1.44,61.0,False,13.05,193.0,113
quail_egg,poultry,lysine,IAA,0.881,1.41,48.0,False,13.05,193.0,113
quail_egg,poultry,methionine,IAA,0.421,1.4,23.0,False,13.05,193.0,113
quail_egg,poultry,phenylalanine,IAA,0.737,1.38,41.0,False,13.05,193.0,113
quail_egg,poultry,threonine,IAA,0.641,1.96,25.0,False,13.05,193.0,113
quail_egg,poultry,tryptophan,IAA,0.209,2.67,6.0,False,13.05,193.0,113
quail_egg,poultry,valine,IAA,0.94,1.8,40.0,False,13.05,193.0,113
quail_egg,poultry,alanine,dispensable,0.762,,,,13.05,193.0,113
quail_egg,poultry,arginine,dispensable,0.835,,,,13.05,193.0,113
quail_egg,poultry,aspartic_acid,dispensable,1.294,,,,13.05,193.0,113
quail_egg,poultry,cystine,dispensable,0.311,,,,13.05,193.0,113
quail_egg,poultry,glutamic_acid,dispensable,1.662,,,,13.05,193.0,113
quail_egg,poultry,glycine,dispensable,0.434,,,,13.05,193.0,113
quail_egg,poultry,proline,dispensable,0.518,,,,13.05,193.0,113
quail_egg,poultry,serine,dispensable,0.992,,,,13.05,193.0,113
quail_egg,poultry,tyrosine,dispensable,0.543,,,,13.05,193.0,113
milk_whole,dairy,histidine,IAA,0.095,1.88,16.0,False,3.15,25.5,114
milk_whole,dairy,isoleucine,IAA,0.163,1.72,30.0,False,3.15,25.5,114
milk_whole,dairy,leucine,IAA,0.299,1.56,61.0,False,3.15,25.5,114
milk_whole,dairy,lysine,IAA,0.264,1.75,48.0,False,3.15,25.5,114
milk_whole,dairy,methionine,IAA,0.083,1.15,23.0,False,3.15,25.5,114
milk_whole,dairy,phenylalanine,IAA,0.163,1.26,41.0,False,3.15,25.5,114
milk_whole,dairy,threonine,IAA,0.134,1.7,25.0,False,3.15,25.5,114
milk_whole,dairy,tryptophan,IAA,0.04,2.12,6.0,False,3.15,25.5,114
milk_whole,dairy,valine,IAA,0.206,1.63,40.0,False,3.15,25.5,114
milk_whole,dairy,alanine,dispensable,0.107,,,,3.15,25.5,114
milk_whole,dairy,arginine,dispensable,0.09,,,,3.15,25.5,114
milk_whole,dairy,aspartic_acid,dispensable,0.27,,,,3.15,25.5,114
milk_whole,dairy,cystine,dispensable,0.019,,,,3.15,25.5,114
milk_whole,dairy,glutamic_acid,dispensable,0.708,,,,3.15,25.5,114
milk_whole,dairy,glycine,dispensable,0.062,,,,3.15,25.5,114
milk_whole,dairy,proline,dispensable,0.311,,,,3.15,25.5,114
milk_whole,dairy,serine,dispensable,0.19,,,,3.15,25.5,114
milk_whole,dairy,tyrosine,dispensable,0.159,,,,3.15,25.5,114
yogurt_plain,dairy,histidine,IAA,0.086,1.55,16.0,False,3.47,48.2,114
yogurt_plain,dairy,isoleucine,IAA,0.189,1.82,30.0,False,3.47,48.2,114
yogurt_plain,dairy,leucine,IAA,0.35,1.65,61.0,False,3.47,48.2,114
yogurt_plain,dairy,lysine,IAA,0.311,1.87,48.0,False,3.47,48.2,114
yogurt_plain,dairy,methionine,IAA,0.102,1.28,23.0,False,3.47,48.2,114
yogurt_plain,dairy,phenylalanine,IAA,0.189,1.33,41.0,False,3.47,48.2,114
yogurt_plain,dairy,threonine,IAA,0.142,1.64,25.0,False,3.47,48.2,114
yogurt_plain,dairy,tryptophan,IAA,0.02,0.96,6.0,True,3.47,48.2,114
yogurt_plain,dairy,valine,IAA,0.287,2.07,40.0,False,3.47,48.2,114
yogurt_plain,dairy,alanine,dispensable,0.148,,,,3.47,48.2,114
yogurt_plain,dairy,arginine,dispensable,0.104,,,,3.47,48.2,114
yogurt_plain,dairy,aspartic_acid,dispensable,0.275,,,,3.47,48.2,114
yogurt_plain,dairy,cystine,dispensable,0.032,,,,3.47,48.2,114
yogurt_plain,dairy,glutamic_acid,dispensable,0.679,,,,3.47,48.2,114
yogurt_plain,dairy,glycine,dispensable,0.084,,,,3.47,48.2,114
yogurt_plain,dairy,proline,dispensable,0.411,,,,3.47,48.2,114
yogurt_plain,dairy,serine,dispensable,0.215,,,,3.47,48.2,114
yogurt_plain,dairy,tyrosine,dispensable,0.175,,,,3.47,48.2,114
greek_yogurt,dairy,histidine,IAA,0.13,0.82,16.0,True,9.95,153.6,114
greek_yogurt,dairy,isoleucine,IAA,0.286,0.96,30.0,True,9.95,153.6,114
greek_yogurt,dairy,leucine,IAA,0.529,0.87,61.0,True,9.95,153.6,114
greek_yogurt,dairy,lysine,IAA,0.471,0.99,48.0,True,9.95,153.6,114
greek_yogurt,dairy,methionine,IAA,0.155,0.68,23.0,True,9.95,153.6,114
greek_yogurt,dairy,phenylalanine,IAA,0.286,0.7,41.0,True,9.95,153.6,114
greek_yogurt,dairy,threonine,IAA,0.216,0.87,25.0,True,9.95,153.6,114
greek_yogurt,dairy,tryptophan,IAA,0.03,0.5,6.0,True,9.95,153.6,114
greek_yogurt,dairy,valine,IAA,0.434,1.09,40.0,False,9.95,153.6,114
greek_yogurt,dairy,alanine,dispensable,0.225,,,,9.95,153.6,114
greek_yogurt,dairy,arginine,dispensable,0.158,,,,9.95,153.6,114
greek_yogurt,dairy,aspartic_acid,dispensable,0.416,,,,9.95,153.6,114
greek_yogurt,dairy,cystine,dispensable,0.048,,,,9.95,153.6,114
greek_yogurt,dairy,glutamic_acid,dispensable,1.028,,,,9.95,153.6,114
greek_yogurt,dairy,glycine,dispensable,0.127,,,,9.95,153.6,114
greek_yogurt,dairy,proline,dispensable,0.622,,,,9.95,153.6,114
greek_yogurt,dairy,serine,dispensable,0.325,,,,9.95,153.6,114
greek_yogurt,dairy,tyrosine,dispensable,0.265,,,,9.95,153.6,114
whey_protein,dairy,histidine,IAA,1.1,1.18,16.0,False,58.14,535.5,125
whey_protein,dairy,isoleucine,IAA,3.84,2.2,30.0,False,58.14,535.5,125
whey_protein,dairy,leucine,IAA,6.63,1.87,61.0,False,58.14,535.5,125
whey_protein,dairy,lysine,IAA,5.94,2.13,48.0,False,58.14,535.5,125
whey_protein,dairy,methionine,IAA,1.45,1.08,23.0,False,58.14,535.5,125
whey_protein,dairy,phenylalanine,IAA,1.95,0.82,41.0,True,58.14,535.5,125
whey_protein,dairy,threonine,IAA,4.81,3.31,25.0,False,58.14,535.5,125
whey_protein,dairy,tryptophan,IAA,1.38,3.96,6.0,False,58.14,535.5,125
whey_protein,dairy,valine,IAA,3.69,1.59,40.0,False,58.14,535.5,125
whey_protein,dairy,alanine,dispensable,3.42,,,,58.14,535.5,125
whey_protein,dairy,arginine,dispensable,1.51,,,,58.14,535.5,125
whey_protein,dairy,aspartic_acid,dispensable,7.01,,,,58.14,535.5,125
whey_protein,dairy,cystine,dispensable,1.65,,,,58.14,535.5,125
whey_protein,dairy,glutamic_acid,dispensable,11.0,,,,58.14,535.5,125
whey_protein,dairy,glycine,dispensable,1.2,,,,58.14,535.5,125
whey_protein,dairy,proline,dispensable,3.81,,,,58.14,535.5,125
whey_protein,dairy,serine,dispensable,3.38,,,,58.14,535.5,125
whey_protein,dairy,tyrosine,dispensable,1.81,,,,58.14,535.5,125
soy_protein,plant,histidine,IAA,2.303,1.63,16.0,False,88.32,552.0,90
soy_protein,plant,isoleucine,IAA,4.253,1.61,30.0,False,88.32,552.0,90
soy_protein,plant,leucine,IAA,6.783,1.26,61.0,False,88.32,552.0,90
soy_protein,plant,lysine,IAA,5.327,1.26,48.0,False,88.32,552.0,90
soy_protein,plant,methionine,IAA,1.13,0.56,23.0,True,88.32,552.0,90
soy_protein,plant,phenylalanine,IAA,4.593,1.27,41.0,False,88.32,552.0,90
soy_protein,plant,threonine,IAA,3.137,1.42,25.0,False,88.32,552.0,90
soy_protein,plant,tryptophan,IAA,1.116,2.11,6.0,False,88.32,552.0,90
soy_protein,plant,valine,IAA,4.098,1.16,40.0,False,88.32,552.0,90
soy_protein,plant,alanine,dispensable,3.589,,,,88.32,552.0,90
soy_protein,plant,arginine,dispensable,6.67,,,,88.32,552.0,90
soy_protein,plant,aspartic_acid,dispensable,10.203,,,,88.32,552.0,90
soy_protein,plant,cystine,dispensable,1.046,,,,88.32,552.0,90
soy_protein,plant,glutamic_acid,dispensable,17.452,,,,88.32,552.0,90
soy_protein,plant,glycine,dispensable,3.603,,,,88.32,552.0,90
soy_protein,plant,proline,dispensable,4.96,,,,88.32,552.0,90
soy_protein,plant,serine,dispensable,4.593,,,,88.32,552.0,90
soy_protein,plant,tyrosine,dispensable,3.222,,,,88.32,552.0,90
edamame,plant,histidine,IAA,0.267,1.4,16.0,False,11.91,191.0,68
edamame,plant,isoleucine,IAA,0.3,0.84,30.0,True,11.91,191.0,68
edamame,plant,leucine,IAA,0.745,1.03,61.0,False,11.91,191.0,68
edamame,plant,lysine,IAA,0.745,1.3,48.0,False,11.91,191.0,68
edamame,plant,methionine,IAA,0.141,0.51,23.0,True,11.91,191.0,68
edamame,plant,phenylalanine,IAA,0.488,1.0,41.0,False,11.91,191.0,68
edamame,plant,threonine,IAA,0.331,1.11,25.0,False,11.91,191.0,68
edamame,plant,tryptophan,IAA,0.126,1.76,6.0,False,11.91,191.0,68
edamame,plant,valine,IAA,0.324,0.68,40.0,True,11.91,191.0,68
edamame,plant,alanine,dispensable,0.446,,,,11.91,191.0,68
edamame,plant,arginine,dispensable,0.724,,,,11.91,191.0,68
edamame,plant,aspartic_acid,dispensable,1.348,,,,11.91,191.0,68
edamame,plant,cystine,dispensable,0.124,,,,11.91,191.0,68
edamame,plant,glutamic_acid,dispensable,2.02,,,,11.91,191.0,68
edamame,plant,glycine,dispensable,0.434,,,,11.91,191.0,68
edamame,plant,proline,dispensable,0.686,,,,11.91,191.0,68
edamame,plant,serine,dispensable,0.665,,,,11.91,191.0,68
edamame,plant,tyrosine,dispensable,0.336,,,,11.91,191.0,68
